date,tavg,tmin,tmax,prcp,snow,wdir,wspd,wpgt,pres,tsun
2022-01-30,6.4,4.5,7.7,0,,287,22.8,54,1027.2,
2022-01-31,5.9,4.3,7,7.1,,300,44.7,94.5,1012.4,
2022-02-01,7.4,3.7,9.5,,,272,30.6,65,1015.3,
2022-02-02,8.5,7.1,10,0.8,,274,22.1,50,1018.7,
2022-02-03,7.6,5.7,9,1.1,,220,21.3,40,1014.5,
2022-02-04,6.8,4,9,7.4,,241,29.4,65,1008.2,
2022-02-05,6.5,4.5,8.1,4.3,,249,35.7,79,1015.7,
2022-02-06,7.6,4.7,9.2,12.2,,257,43.8,90,1002.1,
2022-02-07,6.2,4,7.7,,,276,29.7,83,1020.4,
2022-02-08,10,8.2,11.2,0,,237,31.8,58,1024.8,
2022-02-09,9.1,8.2,10.4,0,,228,23.3,50,1023.5,
2022-02-10,6.8,5.2,8.5,,,267,15.2,33.3,1020,
2022-02-11,4.7,-0.2,7.7,1.6,,304,21.6,68,1028.4,
2022-02-12,2.6,-1.7,7.2,0,,177,20.3,43,1026.1,
2022-02-13,5.1,-0.2,9.7,,,174,25.5,54,1008.6,
2022-02-14,9.2,6.2,11.5,,,211,32,65,998.3,
2022-02-15,7.3,5.2,8.6,10.7,,229,26.9,65,1006.3,
2022-02-16,10.5,8,12.2,,,226,39.3,94,994.2,
2022-02-17,8.8,7.2,10.7,0,,259,44.1,90,1002.1,
2022-02-18,8.3,6.7,10.7,1.2,,220,46.7,119,996.7,
2022-02-19,6.2,4,8,13.1,,245,42.9,94,1006.9,
2022-02-20,8,4.2,11.1,18.3,,236,44.1,104,1001.6,
2022-02-21,6.5,4.7,7.7,5.4,,282,47.9,86,1000,
2022-02-22,7,3.2,10.7,,,255,26,76,1015.6,
2022-02-23,7.6,3.5,10.7,,,229,24.6,47,1021.6,
2022-02-24,6.4,2.7,9,6,,229,29,79,1009.6,
2022-02-25,5.5,2.2,7.5,2.2,,281,26.7,54,1021,
2022-02-26,3.5,-1.2,9,0,,157,10.4,29,1033.6,
2022-02-27,4.8,1,9.2,,,122,20.7,47,1030.9,
2022-02-28,4.6,0.2,10,,,146,18.5,36,1029.1,
2022-03-01,4.6,2.2,6.2,1.4,,115,7.8,20.4,1027.7,
2022-03-02,6.6,3.2,10.6,,,65,12.3,27.8,1024.2,
2022-03-03,5.5,-0.4,12,,,94,14.6,36,1019.2,
2022-03-04,5.2,1,11.1,0,,107,15.6,29,1020.6,
2022-03-05,2.4,-2.7,6.5,0,,65,11.7,29.6,1021.8,
2022-03-06,3.5,1.5,6.5,0,,36,18.3,43,1027.3,
2022-03-07,3.4,-0.9,7.2,,,68,11.9,32,1027,
2022-03-08,4.9,0.2,10.2,0,,122,21,50,1021.2,
2022-03-09,6.8,1,13.5,0,,137,16.7,29.6,1021.5,
2022-03-10,8.8,2.7,15,0,,125,15,35.2,1021.8,
2022-03-11,10,5.7,14.5,0,,124,24.5,54,1013.5,
2022-03-12,10.8,7.7,13.7,0.1,,154,19.8,43,1014.4,
2022-03-13,12.2,9,16.1,0,,152,20.1,40,1012.9,
2022-03-14,9.7,5,12.5,0.2,,214,16.1,40,1023,
2022-03-15,8.9,4.7,14.2,,,137,7.8,22,1024.8,
2022-03-16,9.4,4.7,13.1,,,124,20,43,1021.8,
2022-03-17,8.2,3.5,11,,,257,20.7,47,1028.3,
2022-03-18,8.3,1.6,14.7,,,77,11.4,32,1042.7,
2022-03-19,9.1,5.5,13.2,,,69,22.7,47,1041.7,
2022-03-20,5.1,1.7,8.5,,,110,20.7,47,1029.7,
2022-03-21,7.7,0.5,15.5,,,131,9.5,22.2,1030.4,
2022-03-22,11.5,4.6,19.5,,,87,7.5,22.2,1030.9,
2022-03-23,11.5,4.6,19,0,,51,8.1,25,1030.6,
2022-03-24,10.7,3.2,17.7,,,1,6,22.2,1029.9,
2022-03-25,9.3,3,15.1,0,,28,11.3,29.6,1031.3,
2022-03-26,10.5,3,17,,,22,10.7,29.6,1032.8,
2022-03-27,10.2,6,15.1,,,46,14.7,29,1031.7,
2022-03-28,8.6,5.1,14.2,,,36,9.8,22,1023.7,
2022-03-29,8.5,6.1,12.7,,,54,14.9,31.5,1013.7,
2022-03-30,6.6,2.7,9.1,,,46,14,40,1006.2,
2022-03-31,2.4,1,4.2,17.3,,21,19.8,58,1002.3,
2022-04-01,2.8,0.2,5.2,,,35,31.5,68,1010.8,
2022-04-02,4,0.6,7.5,,,18,18.5,43,1019.7,
2022-04-03,3.4,-1.7,8,,,296,10.5,36,1022.9,
2022-04-04,7,2.7,10,10.7,,238,32.9,72,1008.8,
2022-04-05,9.8,7.6,11.5,2,,261,24.8,50,1004.8,
2022-04-06,10.3,9.1,11.5,0.9,,229,37.2,76,998.1,
2022-04-07,8.7,6.5,11,13.2,,243,46.4,94,985.2,
2022-04-08,6.6,4.6,9.1,,,290,22.8,58,997.8,
2022-04-09,5.8,3.5,8.5,,,297,25.4,61,1010.4,
2022-04-10,6.5,2.2,11,0.4,,287,12.2,32,1019.7,
2022-04-11,9.3,2.7,14.7,,,107,13.5,37,1016.4,
2022-04-12,13.6,7.7,20.2,,,129,17.4,36,1009.6,
2022-04-13,13.5,11.5,16.6,0,,250,12,29,1015.5,
2022-04-14,12.5,8.1,17.2,0,,279,10.8,32,1021.4,
2022-04-15,9.7,7.7,12.2,0,,44,11.9,29,1028.1,
2022-04-16,11.1,6,16.1,0,,91,15,36,1032,
2022-04-17,11.9,5.6,17.8,0,,121,16.1,29.6,1026.7,
2022-04-18,13.1,6.7,19,0,,140,13.4,29,1018.2,
2022-04-19,12.7,7,17.6,0,,49,12.3,36,1015.4,
2022-04-20,12.1,6.3,16.2,0,,57,19.2,40,1016.8,
2022-04-21,12.3,6.6,16.9,0,,55,19.1,50,1013.8,
2022-04-22,13.5,10,17.3,0,,62,24,50,1008.4,
2022-04-23,14.1,10.1,18.1,0,,73,27,50,1005.3,
2022-04-24,12.2,9.3,16.1,0,,44,25.2,50,1006.4,
2022-04-25,9.2,8.3,10.8,2,,36,15.8,36,1012.6,
2022-04-26,9.7,5.8,13.4,0,,359,18.8,40,1019.7,
2022-04-27,8,3.7,11.3,0,,345,8.4,25,1026.6,
2022-04-28,8.3,2.7,13.5,0,,35,12.3,36,1030.9,
2022-04-29,9,7.4,11.4,0,,46,19.7,36,1030.5,
2022-04-30,8.7,4.8,11.9,0,,335,12,32,1028,
2022-05-01,9.1,2.1,15.4,0,,347,6.8,29,1024.2,
2022-05-02,11.2,4.7,16.3,0,,24,9.5,36,1020.9,
2022-05-03,9.5,5,12.5,0,,358,10.2,29.6,1020.2,
2022-05-04,10,3.6,14.4,0,,325,8.1,25,1019.7,
2022-05-05,12.5,5.9,19.1,0,,303,7.5,32,1022,
2022-05-06,13.8,8.2,20.1,0,,263,10.7,33.3,1025.1,
2022-05-07,14.7,11.6,18.7,0.1,,317,13.4,36,1024,
2022-05-08,11.7,8.1,15.4,0,,36,16.1,36,1028.5,
2022-05-09,14.3,6.5,21,0,,95,8,22.2,1025.3,
2022-05-10,16.4,12.5,21.7,0,,210,22.1,58,1016.4,
2022-05-11,15.1,13.1,17.9,3.3,,232,26.3,68,1010.7,
2022-05-12,13.8,9.9,18.1,0,,252,20.9,50,1016.8,
2022-05-13,14.3,12.3,17,0,,248,28.1,50,1018.6,
2022-05-14,15.3,10,19.9,0,,276,12.5,32,1021,
2022-05-15,17.5,9.6,23.6,0,,63,13.8,33.3,1019,
2022-05-16,18.1,15.3,23.1,2.7,,186,20,50,1015,
2022-05-17,17.5,11.7,22.8,0.2,,70,9.6,32,1019.4,
2022-05-18,18.5,14.9,22.3,0,,222,9.9,29.6,1019.9,
2022-05-19,17.5,12.1,22.1,7.8,,175,12.5,43,1018.1,
2022-05-20,13.4,9.9,19.1,12,,54,12.5,43,1018.4,
2022-05-21,14,11.3,16.7,0,,261,19.5,43,1019.9,
2022-05-22,15.3,8.1,21.1,0,,138,7.4,25,1015.7,
2022-05-23,16,12.9,20.8,13.4,,79,12,40,1002.4,
2022-05-24,13.9,12.5,16.1,1.7,,243,24.3,50,1004,
2022-05-25,13.6,9.1,17.3,0.2,,219,27,68,1013.1,
2022-05-26,15.8,13.9,17.8,0,,246,27.4,58,1018.7,
2022-05-27,14.1,12.8,15.8,1.1,,282,27.5,65,1021.1,
2022-05-28,12.2,8.6,14.5,0.9,,317,21.3,43,1021.9,
2022-05-29,10.9,7.2,13.8,1.1,,336,15.3,43,1016.5,
2022-05-30,10.4,6.2,14.4,0.8,,353,6.5,31.5,1014,
2022-05-31,12.4,8,16.6,5.4,,112,8.3,36,1013.2,
2022-06-01,12.4,9.1,15.6,1.2,,256,17.4,40,1015,
2022-06-02,13.3,6.9,18.2,0,,8,7.7,35.2,1021.2,
2022-06-03,16.8,11.7,22.2,0,,57,19.2,,1019.3,
2022-06-04,15.6,12,19.9,0,,44,24.9,,1021,
2022-06-05,15.9,13.2,19.5,19.9,,25,17.9,,1014.7,
2022-06-06,14.2,12.3,16.6,6,,247,27.2,,1012.5,
2022-06-07,15,12.8,18.1,0,,265,20.3,,1012,
2022-06-08,15.7,13.1,18.7,3.7,,191,16.2,,1006.8,
2022-06-09,16.4,12.6,19.3,0,,260,17.1,,1013.4,
2022-06-10,17.6,13.3,21.6,0,,212,19.4,,1019.9,
2022-06-11,17.4,13.5,20.4,0,,243,19.1,,1021.6,
2022-06-12,15.9,11.9,18.9,0,,251,14.9,,1022.2,
2022-06-13,14.8,11.3,16.7,0,,293,17.4,,1022.7,
2022-06-14,15.3,8.9,19.8,0,,8,7.4,25,1022.9,
2022-06-15,17.6,11.4,22.3,0,,50,11.6,36,1019.8,
2022-06-16,18.9,11.7,23.7,0,,70,7.7,29,1022.4,
2022-06-17,22,14.9,28.4,0,,181,13.2,40,1021.6,
2022-06-18,20.5,15.9,24.5,0,,4,13.5,40.8,1016.6,
2022-06-19,14.8,12.7,18.2,2.2,,6,17.7,47,1013.1,
2022-06-20,15.2,11.4,18.1,0,,336,15.9,40,1016.6,
2022-06-21,15.8,9.4,20.8,0,,10,7.7,29,1015.8,
2022-06-22,17.9,9.8,23.6,0,,30,10.4,32,1013.8,
2022-06-23,22.1,15,29.6,0,,88,15.2,36,1010.8,
2022-06-24,20.3,17.7,22.5,23.3,,263,12.2,54,1006.6,
2022-06-25,18.4,16,22.3,4.4,,214,13.1,29,1010.2,
2022-06-26,18.1,15,21.2,1.9,,180,14.6,32,1014.2,
2022-06-27,17.2,14.2,19.8,2.1,,189,8.7,61,1016.5,
2022-06-28,17.8,12.6,22.6,0,,188,14.5,32,1019.7,
2022-06-29,20.8,15.5,26.8,0,,91,14.6,40,1014,
2022-06-30,17.8,13.3,21.2,11.3,,297,14,43,1012.1,
2022-07-01,16.1,13.2,20,6.1,,218,20.1,44.5,1016.7,
2022-07-02,17.9,12.7,22.9,0,,212,15.5,36,1020.2,
2022-07-03,17.6,15.4,20.4,0,,260,15.6,37,1018.4,
2022-07-04,17,12.5,20.6,0,,250,15,40,1020.1,
2022-07-05,16.5,13,19.4,0,,288,14.9,40,1022.9,
2022-07-06,16.5,11,20.9,0,,275,16.5,40,1024.8,
2022-07-07,16.7,15.2,18.7,0.2,,314,25.7,54,1024,
2022-07-08,17.1,10.7,21.8,0,,289,13.2,36,1030.8,
2022-07-09,17.3,14.5,19.9,0,,318,16.4,43,1028.1,
2022-07-10,17,13.3,20.2,0,,305,15.9,36,1026.5,
2022-07-11,18.5,16.2,23.4,0,,7,9.8,25,1024.5,
2022-07-12,20.8,14,26.2,0,,163,8.3,24.1,1023.9,
2022-07-13,21.4,15.3,25.6,0.4,,274,15.3,33.3,1020.4,
2022-07-14,17,11.3,21.3,0,,334,12.6,36,1021.5,
2022-07-15,16.9,11.8,21,0,,290,13.1,40,1022.8,
2022-07-16,17.8,14.8,19.9,0.5,,328,16.8,36,1024.4,
2022-07-17,18.5,11.4,25.1,0,,98,6.5,22,1027,
2022-07-18,23.6,15.8,31.4,0,,150,6.8,25.9,1021.9,
2022-07-19,27.6,19.6,35.4,0,,110,12,33.3,1016,
2022-07-20,24.1,20.6,27.2,0.1,,219,18.8,50,1015.3,
2022-07-21,18.3,15.7,20.6,8.3,,266,16.8,47,1018.1,
2022-07-22,17.2,15.7,19.5,0,,336,8.6,24.1,1020.8,
2022-07-23,18.4,11.8,23.9,0,,353,6,25,1019.5,
2022-07-24,22.5,16.9,28.9,0,,204,17.1,40,1016.2,
2022-07-25,21,19.1,22.9,0.1,,248,21.6,68,1009.6,
2022-07-26,17.6,14.4,19.8,12.1,,323,16.4,36,1016.6,
2022-07-27,16.2,13.2,19.3,0.2,,349,11,29,1020.8,
2022-07-28,16.9,12.9,20.6,0,,67,17.3,36,1019.4,
2022-07-29,18.9,15.4,23.9,0,,22,14.1,36,1017.7,
2022-07-30,18.6,13.2,22.7,0,,300,9.2,25,1018.7,
2022-07-31,19.3,18,20.5,4,,225,18.9,43,1015.6,
2022-08-01,19,14.8,22,0.1,,2,10.6,29,1018.2,
2022-08-02,20.2,14.9,25.7,0,,192,19.2,43,1016.4,
2022-08-03,22.5,17.8,27.7,0,,213,16.4,40,1014.3,
2022-08-04,21.7,18.6,25.2,0,,304,12.3,32,1013.7,
2022-08-05,17.7,13.3,20.3,0,,330,16.2,40,1019.3,
2022-08-06,16.3,10.4,20.7,0,,312,9.3,29,1027.6,
2022-08-07,17,11.4,22,0,,321,7.7,29,1026.1,
2022-08-08,17.6,12.4,21.4,0,,1,10.5,29,1026.5,
2022-08-09,19.4,13.6,24,0,,38,14.1,33.3,1028.6,
2022-08-10,21.9,16.3,27.3,0,,50,16.7,32,1026.3,
2022-08-11,23.9,16.6,29.9,0,,54,14.7,32,1022.2,
2022-08-12,24.9,19.3,30.8,0,,55,14.1,32,1019,
2022-08-13,24.3,16.8,30.5,0,,82,9.6,27.8,1016,
2022-08-14,24.6,18.7,31.1,0,,77,11,25.9,1008.6,
2022-08-15,22.7,18.8,25.8,1.3,,241,9.9,29,1003.7,
2022-08-16,21.4,17.8,26.2,0,,223,10.8,29,1007.5,
2022-08-17,19.3,18.1,20.4,43.4,,10,10.2,36,1011.3,
2022-08-18,19.9,16.8,23.4,0.5,,347,8.9,25,1013.5,
2022-08-19,19.8,15.5,23.8,0,,240,12,29,1013.8,
2022-08-20,19.4,15.4,22.7,0,,286,12.6,36,1016.7,
2022-08-21,18.4,13.9,22.3,0,,236,12.8,31.5,1016.2,
2022-08-22,20,15.6,24.9,0,,82,8.7,24.1,1015.6,
2022-08-23,22,17.6,26.3,0,,184,8.9,29,1015.2,
2022-08-24,22.7,17.2,27.4,0,,143,9,29,1017.9,
2022-08-25,24.2,20.3,31.1,0,,56,14.6,32,1015.3,
2022-08-26,19.4,15.7,21,0,,335,17.6,40,1017.1,
2022-08-27,17,12.7,20.4,0,,3,12.5,32,1018.3,
2022-08-28,17.2,12.5,21.3,0,,4,12.9,32,1021.4,
2022-08-29,17.2,12,21.5,0,,11,9.3,29,1022.4,
2022-08-30,18.9,15.7,21.8,0,,48,18.6,43,1022,
2022-08-31,18.8,15.8,22.1,0,,47,22.8,43,1022.9,
2022-09-01,18.9,13,23.7,0,,60,18.4,36,1020.8,
2022-09-02,19.6,14.5,25.6,0,,85,15.6,36,1015.1,
2022-09-03,20.5,15.4,26.6,0,,99,15.5,32,1011.3,
2022-09-04,20.5,15.1,25.9,0,,122,8.6,25,1016.4,
2022-09-05,22.1,15.9,29.3,1.3,,120,13.2,50,1018.3,
2022-09-06,20.9,17.1,24.4,2.2,,131,11.3,32,1014.7,
2022-09-07,19.1,15.3,23.7,15.4,,181,13.4,36,1012,
2022-09-08,18.2,16,22.1,6,,185,14.6,40,1007.4,
2022-09-09,15.9,13.5,18,6.1,,176,20.7,47,1005.9,
2022-09-10,17.5,15.3,21.8,9,,356,12.9,29,1010.6,
2022-09-11,17.2,12,22.2,0,,336,4.5,16.7,1018.5,
2022-09-12,18.3,14.3,23.1,0,,166,10.5,32,1014.1,
2022-09-13,18.8,15.9,21.3,0,,329,9.8,25,1010.1,
2022-09-14,16.7,14.3,20.2,0,,25,5.6,25,1006.9,
2022-09-15,15.2,12.4,18.9,1,,315,15.9,47,1008.7,
2022-09-16,13,10.9,16.6,11.8,,312,15.6,54,1011.1,
2022-09-17,12.6,9.7,16.5,15.3,,318,21.3,58,1014.7,
2022-09-18,12.1,10.9,13.6,23.4,,318,14.7,43,1015.2,
2022-09-19,13.4,10.9,16.1,1.9,,315,15.3,43,1020.2,
2022-09-20,12.8,8.5,16.5,0.1,,326,7.2,29,1023.9,
2022-09-21,12.7,8.4,17.2,0,,77,4,16.7,1026.5,
2022-09-22,12.6,7.2,18.5,0,,144,7.7,32,1022.3,
2022-09-23,13.7,10.1,17.7,6.5,,176,11.1,36,1015.3,
2022-09-24,14.1,10,16.2,6.5,,14,15.5,40,1013.2,
2022-09-25,11.7,7.1,16,1.3,,310,9,32,1015.1,
2022-09-26,12.4,10.7,14.2,16,,228,20.7,43,1000,
2022-09-27,9.9,8.2,12,12.3,,291,9.8,35.2,996.9,
2022-09-28,10.6,7.5,15.1,3.1,,244,11.1,36,996.6,
2022-09-29,9.8,4.6,16,0,,122,5,16.7,1002.2,
2022-09-30,12.1,6.5,17.5,3.6,,181,15.2,46.3,1007.5,
2022-10-01,14.4,11.2,17.2,14.6,,240,27.3,58,1003.9,
2022-10-02,13.9,11.5,16.7,1.4,,280,14.9,36,1017.2,
2022-10-03,12.3,7.6,16.6,0,,211,7.4,25,1026,
2022-10-04,14.1,9.4,17.8,0,,189,17.9,37,1019.6,
2022-10-05,16.1,14.2,18,1.8,,209,30.2,65,1013.8,
2022-10-06,13.9,10,16.5,0,,240,23.9,50,1025.8,
2022-10-07,13,9.6,16.6,0,,198,22.2,47,1021.3,
2022-10-08,12.4,8.2,15.6,2.6,,261,17.1,43,1019.9,
2022-10-09,10.4,6,16.1,0,,149,12.2,29,1021.7,
2022-10-10,10.7,7.3,14.3,1.4,,218,15.5,43,1015.8,
2022-10-11,10.1,5.3,15.7,0,,205,7.2,25,1025.8,
2022-10-12,10,5.3,14.7,0,,152,7.7,29,1022.9,
2022-10-13,11.8,8.2,14.2,10.4,,177,9,25.9,1016.4,
2022-10-14,12.2,6.8,16.1,6.4,,171,12.7,32,1010.9,
2022-10-15,13.7,11.9,16.2,1.1,,195,18.2,43,1005.4,
2022-10-16,14.3,12.4,17.4,0.6,,191,20.1,43,1012.4,
2022-10-17,15.3,12.9,17.2,4.5,,186,15,40,1018.3,
2022-10-18,12.2,7.7,17,0,,303,6.8,25,1027.6,
2022-10-19,10.1,5.5,14.5,0,,70,14.3,40,1026,
2022-10-20,11.8,8.5,15.8,2.6,,120,17.1,32,1012,
2022-10-21,15,12.5,19.2,0,,158,14.2,32,1006.4,
2022-10-22,14.8,12.6,18,0,,187,18.3,43,1010.8,
2022-10-23,14.7,12.1,18,8.4,,134,16.7,40,1007.8,
2022-10-24,15.2,13.1,16.2,0.6,,199,29.7,72,1003.8,
2022-10-25,14,11.5,16.7,9.4,,197,18.3,37,1013,
2022-10-26,14.8,11,18.7,0,,172,18.8,40,1014.4,
2022-10-27,15.8,13.3,19.7,0.1,,153,16.1,37,1018.9,
2022-10-28,16.4,14,19.7,0,,184,16.8,43,1016.8,
2022-10-29,15.3,10.6,20.5,0,,146,10.4,25,1017.8,
2022-10-30,14.9,10.6,19.2,0,,194,10.4,32,1016.7,
2022-10-31,12.8,8.5,16.5,0,,132,13.4,29.6,1016.3,
2022-11-01,14.7,13,16.2,1.1,,192,35.9,65,1010.3,
2022-11-02,12.3,10.5,14.7,6.7,,209,28.7,58,1015.5,
2022-11-03,12.3,10.9,14.7,3.4,,173,25.2,47,1004.1,
2022-11-04,9.8,7.7,11.2,11.2,,244,9.9,36,1006.6,
2022-11-05,9.1,4.2,12.2,0,,194,20.4,47,1014.8,
2022-11-06,10.3,8.5,12,16.4,,182,28.2,58,1007.5,
2022-11-07,12.6,11,14,5.6,,199,29.4,50,1007.1,
2022-11-08,12.6,11,14.7,3,,178,26,50,1003.9,
2022-11-09,12.2,9.5,13.2,2.3,,213,26.6,58,1006.7,
2022-11-10,11.9,9.7,14.2,0.1,,205,22.8,42.6,1020.8,
2022-11-11,10.1,6.6,12.2,0,,194,19.8,40,1028.4,
2022-11-12,9.2,4.5,14.7,0,,142,8.4,22,1029.9,
2022-11-13,9.7,6,15.5,0,,80,8.4,25,1022.6,
2022-11-14,5.9,3,9.7,0,,110,13.7,32,1011.8,
2022-11-15,10,6.1,12.2,2,,152,20.3,40,1003.6,
2022-11-16,10.5,9,12,4.5,,152,19.5,40,996.9,
2022-11-17,10.3,9,11.2,17.9,,152,31.4,58,985.8,
2022-11-18,8.1,5.1,10.1,2.9,,136,17.3,36,1000.2,
2022-11-19,1.4,-2,4.5,0,,79,18,40.8,1012.4,
2022-11-20,-0.4,-6,3.1,9.7,,113,9.8,29,1008.9,
2022-11-21,4.9,2.1,8,2.9,,128,14.4,38.9,999.7,
2022-11-22,6.6,4.6,8.1,1,,160,24.2,43,991.1,
2022-11-23,8.1,7.2,9,1.7,,176,24,50,995.5,
2022-11-24,8.9,7.2,11,0.3,,188,22.8,40,1006.1,
2022-11-25,8.8,5.7,11.7,4.1,,211,17.6,37,1014.1,
2022-11-26,7,3.7,10.6,0,,179,16.1,32,1026.1,
2022-11-27,6.7,6.2,7.5,9,,162,22.1,40,1017.5,
2022-11-28,8.4,6.6,10.7,2.9,,183,11.9,25.9,1009.9,
2022-11-29,7.1,5,9,0,,222,4.8,14.8,1018.5,
2022-11-30,6.9,4.2,9.3,0.1,,27,5.9,22,1025,
2022-12-01,5.4,2.4,7.5,0,,26,7.2,22.2,1028.2,
2022-12-02,3.4,2.3,5.3,0,,60,21.1,47,1025.6,
2022-12-03,2,0,3.5,0,,73,21.9,40,1022.1,
2022-12-04,1.2,0.2,3.7,0,,72,19.8,43,1018.7,
2022-12-05,5.5,4,6.3,0.3,,32,17.7,43,1020,
2022-12-06,4.7,0.7,7.4,3.3,,303,7.9,22,1019.8,
2022-12-07,4,1.3,6.9,2.1,,288,9,43,1015.9,
2022-12-08,2.8,-0.5,4.5,10.4,,200,10.5,29,1007.5,
2022-12-09,-0.2,-3.3,2.1,0.1,,160,8,22,1006.6,
2022-12-10,0.1,-1.3,2,0,,179,13.8,25,1009.4,
2022-12-11,1.7,1,2.5,0,,174,12.9,22.2,1009.8,
2022-12-12,-1.3,-4.4,1,0,,150,8.1,18.5,1011.9,
2022-12-13,-3.3,-5.3,-0.9,0,,105,7.1,25,1010.4,
2022-12-14,-2.3,-5.1,1.2,0.1,,7,7.1,18,1004.1,
2022-12-15,0.1,-4.5,5.2,2.2,,205,9.3,25.9,1007.5,
2022-12-16,0.1,-3.7,3.8,0,,1,8.3,22,1015.5,
2022-12-17,-1.8,-3.1,-0.4,0,,160,17,29,1024.7,
2022-12-18,-2.6,-6.2,0.5,1.8,,144,16.4,37,1023.9,
2022-12-19,6.6,0.8,9.9,5.7,,180,27,47,1013.1,
2022-12-20,9.5,7.8,10.4,2.9,,197,22.1,43,1009.5,
2022-12-21,6.5,3.6,8.8,1,,196,17.3,40,1008.3,
2022-12-22,8.2,4.5,10.1,3.3,,214,13.8,36,1003.3,
2022-12-23,9.1,8,10.9,9.9,,203,14.1,54,1002.3,
2022-12-24,8.9,5.8,10.6,0.1,,225,21.9,58,1009.9,
2022-12-25,8.6,7.6,9.3,3.3,,176,12.6,29,1010.8,
2022-12-26,7.7,5.4,9.2,0.4,,241,24.3,54,1012.7,
2022-12-27,6.6,5,7.4,0.1,,222,25.8,50,1020.7,
2022-12-28,8.9,6.4,10.8,4.8,,202,37.4,65,1006.5,
2022-12-29,9.5,7.4,11.1,1.8,,220,35.3,65,1000.5,
2022-12-30,7.8,4.5,12,2.2,,192,32.1,65,1002.5,
2022-12-31,13.1,10.1,14.6,18.8,,215,34.8,76,1002.8,
2023-01-01,12.2,10.5,14.3,5.6,,206,30.5,72,1010.3,
2023-01-02,8.7,4.7,11.4,4.3,,237,18,40,1014.7,
2023-01-03,5.5,1,9.3,0.3,,179,19.7,58,1023.6,
2023-01-04,11.6,8.8,13,12.3,,229,45.8,76,1012.7,
2023-01-05,10.5,9.8,11.5,0.9,,241,26.6,61,1017.6,
2023-01-06,10,8.3,11,2.3,,217,23.9,54,1015.3,
2023-01-07,10.2,9,11.1,1.3,,179,28.7,54,1007.9,
2023-01-08,8.2,6.6,10,3,,185,24,54,997.8,
2023-01-09,7.1,5.5,8.5,2.9,,237,21.9,43,997.5,
2023-01-10,7.1,5.7,10,8.3,,205,26.4,58,1011.3,
2023-01-11,10,8.6,11.9,5.1,,229,33.3,65,1007,
2023-01-12,10.7,9.1,11.9,19,,231,43.2,79,1002.6,
2023-01-13,9,8.1,9.5,0.4,,242,38.9,72,1004.8,
2023-01-14,8.2,5.7,11.4,18.7,,215,30.6,65,1002.3,
2023-01-15,6.6,3.9,7.9,5.5,,237,35,79,996.7,
2023-01-16,3.8,2.5,5.1,17.4,,156,18.8,58,983.4,
2023-01-17,1.9,-1.2,5,0.6,,251,15.3,50,986.7,
2023-01-18,2.3,-2.3,5.4,1,,228,22.1,50,993.7,
2023-01-19,3.7,0.3,5.7,6.6,,258,18.5,58,1003.6,
2023-01-20,1.1,0.2,2.3,7.5,,139,15.2,32,1014.3,
2023-01-21,0,-2.6,2.4,0,,41,7.8,29,1032,
2023-01-22,1.6,-2.4,2.8,0,,22,13.5,33.3,1034.4,
2023-01-23,3.3,2.4,4.8,0,,57,12.2,29,1037.5,
2023-01-24,2.2,1,3.4,0,,87,11.9,29,1039.1,
2023-01-25,0.2,-0.6,0.9,1,,176,11.7,29,1032.7,
2023-01-26,4.6,0.3,7.6,2.3,,351,15.6,40,1025.4,
2023-01-27,4.2,2.9,6,0,,39,21,43,1028.3,
2023-01-28,3.6,1.7,5.6,0,,297,8.7,22,1030.6,
2023-01-29,4.8,3.8,7,0.1,,214,21,43,1024.8,
2023-01-30,7.1,5,8.3,1.2,,284,31.8,63,1018.7,
2023-01-31,6.6,3.6,9.1,0,,253,27.9,61,1020.8,
2023-02-01,7.5,6.3,8.4,0,,268,38.7,68,1018.3,
2023-02-02,8.3,6.8,9.4,2.4,,266,28.8,50,1022.6,
2023-02-03,9.1,8,9.9,0,,273,29.6,58,1026.3,
2023-02-04,7.2,4.9,8.6,0.1,,267,6,22,1035.8,
2023-02-05,6.8,3.3,8.4,1.6,,328,22.2,58,1039.8,
2023-02-06,4.4,0.4,8.4,0,,11,6.8,29,1042,
2023-02-07,1.1,-1.7,4.7,0.1,,115,6.2,18,1040,
2023-02-08,1.1,-2.1,6.2,0,,131,8.4,25,1036.4,
2023-02-09,1.8,-1.8,5.9,0,,204,12.8,25.9,1031.6,
2023-02-10,4.4,-1,8.4,0,,221,19.7,43,1035,
2023-02-11,8,6.6,9.8,0,,263,17.4,32,1034.6,
2023-02-12,7.4,6.4,8.7,0,,234,5.6,18,1038.6,
2023-02-13,7.5,2,11,0,,105,8.8,22,1036.3,
2023-02-14,5.4,0.9,11.7,0,,145,6.2,18,1032.5,
2023-02-15,5.1,0.4,10.4,0,,158,10.4,27.8,1025.4,
2023-02-16,7.9,4,10.6,3.8,,203,19.5,40,1020.9,
2023-02-17,10.2,9.3,11.1,0.2,,238,33.5,76,1018.3,
2023-02-18,10.3,9.4,11.3,0.8,,242,31.7,68,1018.1,
2023-02-19,7.9,5.5,9.7,1.3,,277,19.2,47,1022.3,
2023-02-20,8.3,6.2,9.4,0,,231,30.9,61,1021.3,
2023-02-21,8.4,7,9.4,0,,230,16.6,40,1018.4,
2023-02-22,6.8,4.2,8.9,2,,174,12.6,25,1012.2,
2023-02-23,6.7,2.3,9.3,0.3,,318,10.4,32,1015.3,
2023-02-24,5.3,1.6,8.6,4.3,,290,21.9,58,1009.4,
2023-02-25,4.6,0.8,7.2,0.3,,351,19.2,47,1012.5,
2023-02-26,3.5,0.2,6.5,0,,33,18.6,44.5,1025.2,
2023-02-27,3.6,-0.6,7.4,0,,38,13.8,43,1030.7,
2023-02-28,3.2,0.5,6.3,1.6,,50,8.9,29,1031.8,
2023-03-01,2.3,-3.6,6.6,0,,31,11.3,36,1028.9,
2023-03-02,3.8,1.5,6.6,0,,43,20.2,40,1025.2,
2023-03-03,4.8,1.5,7.5,0,,10,12.1,36,1026.5,
2023-03-04,6,3,7.8,0.6,,336,15.8,40,1025.6,
2023-03-05,3.7,2.1,6.2,1.5,,282,9.8,29,1016.8,
2023-03-06,3.8,1.3,6.4,4.2,,245,16.2,54,1004.4,
2023-03-07,2.7,-0.6,5.4,3.2,,276,15.9,50,997.7,
2023-03-08,1,-1.7,3.4,1,,82,13.2,36,995.3,
2023-03-09,1.8,0.9,2.7,15.2,,75,16.2,40,994.8,
2023-03-10,1.8,0,2.6,16.4,,26,25.1,61,992.2,
2023-03-11,2.2,-2.5,6.8,0,,268,9.3,36,1010.2,
2023-03-12,6.6,0.9,10.7,0.3,,199,24.6,54,1006.9,
2023-03-13,12.3,9,14.7,3.4,,218,47.1,104,993.4,
2023-03-14,7.1,3,11.2,6.9,,284,27.8,61,997.4,
2023-03-15,4.9,1.5,8.6,0.3,,230,11.6,36,1016.3,
2023-03-16,8.4,5.2,13.6,0.4,,164,25.8,50,1011.9,
2023-03-17,11.4,7.7,15.2,0,,167,13.4,32,1006.3,
2023-03-18,11.7,7.7,15.7,3.1,,177,15,43,1008.9,
2023-03-19,9,7.6,10.8,0.8,,229,14.7,29,1013.9,
2023-03-20,8.3,6.9,9.4,5.4,,215,21.8,40,1017.5,
2023-03-21,10.1,8.9,12.1,2.6,,203,21.3,44.5,1011.9,
2023-03-22,10.4,8.5,12,5.2,,198,29,58,1004.4,
2023-03-23,12.6,11.1,14.6,5.5,,215,32.7,72,1000.6,
2023-03-24,11.3,9.4,13.1,3.7,,227,38.1,68,999.1,
2023-03-25,9.3,6.9,12,6.9,,242,37.1,83,1001.7,
2023-03-26,7,4.5,9.2,0,,34,17.2,47,1005.8,
2023-03-27,4.3,1.3,6.7,1.3,,321,18.3,50,1021,
2023-03-28,4.2,-1,8.4,0.3,,194,16.5,40,1023.6,
2023-03-29,9.7,5.4,13.4,0,,180,16.7,36,1012.3,
2023-03-30,12.9,10.8,14.4,0.2,,226,34.1,68,1004.5,
2023-03-31,10.6,10,11.9,12,,185,24.5,54,993.7,
2023-04-01,9.6,7.4,11.8,4,,335,19.2,43,997.5,
2023-04-02,6.3,2.9,9.7,0,,41,25.2,50,1021.6,
2023-04-03,6,1.5,10,0,,70,17.9,40,1031.5,
2023-04-04,5.5,0.8,9.2,0,,64,9,32,1029,
2023-04-05,6.3,1.1,11.3,0,,79,7.1,29,1022.7,
2023-04-06,6.8,2.4,9.2,5.8,,158,18,43,1014.8,
2023-04-07,8.6,8,9.4,0,,303,15.3,32,1017.4,
2023-04-08,8.6,3.1,12.5,0,,32,9.2,32,1025,
2023-04-09,10.6,8.4,14.8,0,,118,11.7,29,1024.3,
2023-04-10,10.6,8.2,14,6.3,,165,24,50,1014.1,
2023-04-11,9.9,7.5,12.3,5.1,,241,30,79,1010,
2023-04-12,9.6,8,11.9,6.4,,200,26.4,54,998.1,
2023-04-13,8.4,5.4,11.7,4,,225,29.4,65,999.2,
2023-04-14,8.9,3.5,14.2,0.3,,140,14.9,36,1008,
2023-04-15,9.4,6.5,12.8,0,,32,21,47,1014.7,
2023-04-16,8.7,7.6,10.3,0.2,,346,15.9,36,1024.7,
2023-04-17,9.8,7.2,14.4,0,,27,15.5,36,1027.6,
2023-04-18,9.9,6.8,13.9,0,,58,23.1,47,1027.7,
2023-04-19,10.7,8.3,14,0,,57,27.5,58,1026.8,
2023-04-20,8.8,6.4,11.8,1,,47,23.9,50,1020.5,
2023-04-21,11,7.8,15.5,5.1,,79,14.9,36,1013.1,
2023-04-22,9,4.9,14,3.9,,144,7.8,29,1007.1,
2023-04-23,11,6.7,16.3,6.8,,158,16.1,43,1003.4,
2023-04-24,8.9,6.9,10.6,15.1,,276,26.1,54,1003.9,
2023-04-25,6.7,4.9,9.7,0.2,,325,17.7,54,1015,
2023-04-26,6.2,1.6,10,0,,318,8.7,32,1019.6,
2023-04-27,7.7,0.9,12.7,0,,104,9.8,29,1019.9,
2023-04-28,10.2,7.8,12.7,0.8,,134,17.7,40,1011.4,
2023-04-29,11.4,8.9,15.4,0,,353,14.1,36,1019.4,
2023-04-30,11.5,5.7,17.3,0,,79,8.7,29,1022.7,
2023-05-01,11.7,8.6,15.4,0.4,,353,11.3,32,1016.7,
2023-05-02,9.6,6.8,12,0,,354,15.6,36,1025.6,
2023-05-03,9.2,4,13.3,0,,57,14,36,1028.4,
2023-05-04,13.8,6.5,21.6,0,,71,17.1,37,1019.5,
2023-05-05,14.7,12,17,13.3,,211,12.2,32,1015.6,
2023-05-06,14.8,9.3,19.9,3.4,,147,7.7,25,1016.2,
2023-05-07,15.9,13.6,19.4,1,,105,8.3,25,1017.3,
2023-05-08,14.6,10.8,18.8,0,,251,7.8,29.6,1020.5,
2023-05-09,13.8,12.6,14.8,16.4,,179,14.6,32,1012.2,
2023-05-10,12.7,10.4,14.5,0,,276,11.1,25.9,1010.8,
2023-05-11,13.6,11.1,16.4,2.5,,4,8.3,32,1015.3,
2023-05-12,15.5,11.2,20.6,3.2,,31,18.4,37,1018.6,
2023-05-13,16.5,12.3,20.9,0,,22,17.7,37,1021.9,
2023-05-14,13.8,9.1,19.4,0,,350,13.5,32,1018.9,
2023-05-15,10.5,7.4,14.5,0.3,,318,15.6,47,1016.1,
2023-05-16,10.2,5.7,14,0,,317,18.2,40,1022,
2023-05-17,10.9,7.6,14.9,0,,348,13.5,36,1027.5,
2023-05-18,10.1,6.1,14.4,0,,55,11.4,29,1028.9,
2023-05-19,13.3,7,18.1,0,,41,15.5,36,1026.7,
2023-05-20,15.3,11.3,19.2,0,,40,21.3,47,1023.6,
2023-05-21,16.4,13,20.1,0,,18,15.8,36,1018.5,
2023-05-22,16.7,12,22.7,0,,326,14,40,1016.1,
2023-05-23,12.9,9.3,15,0,,342,23,43,1023,
2023-05-24,12,6.5,15.9,0,,350,11,32,1025,
2023-05-25,12.6,8.7,17,0,,17,14.1,37,1028.5,
2023-05-26,12.7,9.3,16.9,0,,37,20.9,47,1031.1,
2023-05-27,13.8,8.6,19.3,0,,56,15.9,32,1027,
2023-05-28,15.5,11.5,19.9,0,,30,18.9,47,1022.5,
2023-05-29,12.7,9.8,15.6,0,,31,22.2,43,1026.5,
2023-05-30,12.5,10.4,14.4,0,,29,17.6,36,1028.1,
2023-05-31,15,10.8,20.1,0,,37,18.6,40,1026.2,
2023-06-01,12.5,10.9,15.4,0,,19,19.3,40,1024.1,
2023-06-02,13.5,10.3,19,0,,17,15.9,36,1022.7,
2023-06-03,16.2,10.4,20.4,0,,46,16.4,43,1022.6,
2023-06-04,15.8,12,20.4,0,,36,18.2,37,1023.3,
2023-06-05,14.3,10.9,18.6,0,,25,16.7,33.3,1023.2,
2023-06-06,14.8,10.7,19.6,0,,27,17.7,35.2,1022,
2023-06-07,15.2,11,20.6,0,,35,16.7,33.3,1021.5,
2023-06-08,16.5,11.7,22.6,0,,38,20.1,40,1018.4,
2023-06-09,20.3,13.7,27.9,0,,51,19.4,40,1015.1,
2023-06-10,23,17.9,27.6,0,,58,18.9,40,1015.6,
2023-06-11,24.3,17.4,29.8,0,,93,14.4,31.5,1015.3,
2023-06-12,24.5,19.1,28.8,0,,68,16.7,36,1015.5,
2023-06-13,22.6,16.9,26.5,0,,59,21,43,1014.7,
2023-06-14,20.9,15.7,24.8,0,,62,18.3,40,1017.3,
2023-06-15,21.1,16,26,0,,42,11,31.5,1019.9,
2023-06-16,20.6,14.9,25.7,0,,4,9.9,40,1019.2,
2023-06-17,20,12.7,26.5,0,,336,8.4,22.2,1015.8,
2023-06-18,22.1,18.4,25,0,,115,13,29,1012,
2023-06-19,20.7,17,23.2,1.6,,242,21.6,50,1011,
2023-06-20,22,19.2,28.2,17,,121,13.1,54,1010.7,
2023-06-21,20,17.5,22.6,0,,251,16.4,35.2,1015.7,
2023-06-22,19.8,14.3,23.2,0,,20,12.9,36,1018,
2023-06-23,19.9,15.1,23.4,0,,308,11.2,29,1022.6,
2023-06-24,21.4,15.8,25.5,0,,232,10.1,29,1023.5,
2023-06-25,24.7,18.1,30.4,0,,142,11.7,32,1016.9,
2023-06-26,19.7,16.6,24.2,0,,266,22.1,43,1016.5,
2023-06-27,17.8,15.4,20.1,0.9,,279,14.4,36,1020.1,
2023-06-28,18.2,14.5,21.8,3.4,,205,12.5,32,1017.7,
2023-06-29,18.6,13.8,21.7,0.2,,239,17.1,43,1014.6,
2023-06-30,16.8,11,21.7,0,,249,17.8,44.5,1013,
2023-07-01,17.5,15.9,18.8,5,,237,25.5,47,1004.4,
2023-07-02,17.4,14.3,19.7,0,,261,26.9,50,1009,
2023-07-03,17.1,14.8,19.4,5.1,,248,31.4,72,1009.1,
2023-07-04,16.9,13.9,20,0,,245,20.7,54,1010.6,
2023-07-05,14.5,11.7,16.9,28.9,,237,33.9,119,1006.2,
2023-07-06,16.9,12.1,20.8,0,,225,16.5,47,1016.5,
2023-07-07,20.3,12.3,27.1,0,,119,12.8,32,1019,
2023-07-08,24.5,18,31.8,0,,89,11.7,29,1016.6,
2023-07-09,22.1,18.2,27.9,9.2,,338,11,50,1018.3,
2023-07-10,19.9,16.6,23,0,,274,13.2,36,1020.5,
2023-07-11,21.1,15.9,25.3,0.7,,207,18,50,1012.4,
2023-07-12,18.8,17,21.3,1.6,,244,25.5,47,1010.4,
2023-07-13,18.3,15.6,20.6,5.1,,249,22.4,47,1015.4,
2023-07-14,18.6,14.5,21.7,0.1,,166,15,31.5,1013.1,
2023-07-15,20.9,17.8,25.6,1.8,,207,25.7,54,1004.1,
2023-07-16,18.7,16.4,21.3,0,,222,34.4,65,1010.2,
2023-07-17,17.7,15.2,20.1,2.1,,238,24,50,1017.1,
2023-07-18,18,13.8,22.4,0,,224,11.6,29,1018.6,
2023-07-19,17.7,15.1,21,0.3,,297,11,36,1013.9,
2023-07-20,16.8,12,21.1,0,,320,8.9,29,1014.9,
2023-07-21,16.5,13.4,19.3,0,,296,13.2,43,1012.1,
2023-07-22,16.3,13.5,19.7,2,,216,21.8,50,1012.1,
2023-07-23,17.9,15.1,22.2,2.3,,206,27.3,65,1005.1,
2023-07-24,17.5,12.8,20.4,0,,263,19.2,40,1003.3,
2023-07-25,15.1,10.6,18,0.1,,311,15.4,43,1008.3,
2023-07-26,15.8,11,19.8,1.7,,242,15.3,43,1011.6,
2023-07-27,17.2,14.2,19.1,15.9,,215,22.6,47,1004.5,
2023-07-28,19.6,18.3,21.8,0,,238,19.1,36,1005.8,
2023-07-29,18.8,16.5,21.8,1.5,,230,21.6,47,1006.5,
2023-07-30,18.1,16.4,20.6,0.6,,235,27.5,61,1009.3,
2023-07-31,17.9,15.7,19.9,21.8,,234,29,58,1004.8,
2023-08-01,17.5,15.9,19.4,4.3,,257,26.3,58,999.2,
2023-08-02,17.3,15,21.5,12.9,,188,25.9,72,992.2,
2023-08-03,17.3,15.6,19.5,3.2,,286,22.7,54,997.2,
2023-08-04,17,14.9,19.3,1.2,,311,14.7,36,1013.5,
2023-08-05,15.6,13.3,18.8,2.2,,158,15,40,1011.4,
2023-08-06,15,13.7,16.9,42.4,,330,21.6,58,1007.5,
2023-08-07,16,13.8,18.3,2.4,,293,28.3,58,1015,
2023-08-08,16.3,14.1,18.2,0.2,,256,24.8,54,1013,
2023-08-09,15.8,11,19.7,0,,260,14.6,36,1015.9,
2023-08-10,17.9,12.3,23.2,0,,231,8.6,25,1020.9,
2023-08-11,20.3,15.6,26.1,0,,195,15.8,40,1018.8,
2023-08-12,19.6,16.2,21.9,10.5,,218,19.6,50,1015.4,
2023-08-13,19,16.9,22.1,0.1,,213,20.9,40,1015.6,
2023-08-14,19.8,14.7,25,0,,165,12.9,36,1013.7,
2023-08-15,19.1,15.3,22.1,0,,266,14.1,35.2,1015.2,
2023-08-16,18.2,11.5,22.8,0,,45,11.7,40,1021,
2023-08-17,18.7,16.5,20.7,0,,53,20,40,1020.5,
2023-08-18,20,16.2,24.1,0,,67,12.8,29,1016.3,
2023-08-19,22.3,18.9,24.4,0,,199,19.2,43,1014.5,
2023-08-20,19.6,15.2,23.4,0,,250,11.9,29,1022,
2023-08-21,19.2,14.7,23.7,0,,243,8.7,29,1023.1,
2023-08-22,18.8,15.3,22.2,0,,234,13,31.5,1020.5,
2023-08-23,18.9,14.3,23.9,0,,243,10.1,32,1019.9,
2023-08-24,19.5,15.3,23,1,,91,10.8,32,1014,
2023-08-25,19.5,15.8,22,0.5,,267,10.7,30,1008.1,
2023-08-26,16.7,14.7,19.7,5.9,,213,16.2,43,1009.2,
2023-08-27,15.3,12.4,17.5,6,,220,16.4,43,1008.5,
2023-08-28,16.1,11.4,20,0,,289,10.4,31,1012.2,
2023-08-29,15.6,11.7,19.3,0.3,,239,9.8,29.6,1011.6,
2023-08-30,14.8,12.6,17.7,4.4,,227,16.4,43,1006.1,
2023-08-31,15.3,12.8,18.2,6.3,,277,16.7,40,1009.4,
2023-09-01,16.2,13.5,19.1,4.5,,114,7.8,20.4,1012.5,
2023-09-02,18,15.9,21.2,0.2,,59,8.1,32,1020.3,
2023-09-03,17.2,12.5,23.2,0,,63,4.5,18.5,1027.5,
2023-09-04,18.2,11.5,24.6,0,,87,9.6,25.9,1025.5,
2023-09-05,21.5,15.4,28.7,0,,96,10.4,24.1,1019.2,
2023-09-06,22.8,16.8,29.3,0,,113,9.3,22,1019.3,
2023-09-07,22.7,17.2,29,0,,93,11.3,36,1018.7,
2023-09-08,22.8,17.3,29.1,0,,160,7.7,18.5,1016.5,
2023-09-09,22.1,15.3,29,0,,315,4.8,16.7,1016.6,
2023-09-10,24.3,19.4,30.5,0,,124,9.6,22.2,1016.5,
2023-09-11,21.6,19.2,24.3,0.1,,228,13.5,31.5,1013,
2023-09-12,19.9,16.8,22.8,1.8,,230,9,22.2,1012.9,
2023-09-13,17.3,13,19.5,2.1,,12,14.4,47,1017.7,
2023-09-14,15.6,10.2,21,0,,135,6.4,18.5,1022.2,
2023-09-15,16.6,11.7,21.6,0,,108,9.5,25,1017.9,
2023-09-16,18.9,13.9,24.1,0,,79,9.2,25,1014.4,
2023-09-17,17.5,15.9,18.8,0.9,,84,13.2,36,1012.7,
2023-09-18,19.3,15.8,22.1,17.8,,187,24.8,61,1002.8,
2023-09-19,16.4,14.9,18.7,2.6,,225,33.9,72,1006.6,
2023-09-20,18.4,16.9,20.9,0,,192,29.5,54,1004.2,
2023-09-21,16.2,14.7,19.5,17,,159,15.8,43,996.9,
2023-09-22,14,11.6,17.6,4,,211,19.2,46,999.9,
2023-09-23,13.8,11.7,16.4,11.9,,220,15.6,40,1012.4,
2023-09-24,14.5,9.7,19.7,0,,176,17.8,47,1022.6,
2023-09-25,15.8,12.4,20.6,0,,174,16,35,1021,
2023-09-26,16.9,13.3,22,0,,146,10.4,29,1019.9,
2023-09-27,17.4,12.8,22.4,0,,144,11.6,29,1017.4,
2023-09-28,17.9,16,20.1,0,,200,18,40,1014.9,
2023-09-29,16.8,12.9,19.7,2,,224,17.9,43,1016.3,
2023-09-30,15,10.7,19.3,0.2,,198,10.2,27.8,1025,
2023-10-01,18.1,15.4,22.5,0,,205,16.8,36,1021.8,
2023-10-02,18.5,14.8,22.6,0,,172,11.3,29,1017.8,
2023-10-03,16.8,14.4,20,2.1,,258,25.3,65,1013.6,
2023-10-04,15.4,13.8,17.4,0,,246,22.5,48.2,1024.2,
2023-10-05,16.3,14.8,18.3,0,,250,21.7,54,1023.2,
2023-10-06,16.5,14,20.2,0,,220,27.5,54,1021.9,
2023-10-07,18.3,16.5,19.4,0,,246,26.9,50,1020.4,
2023-10-08,15.8,12.4,18.9,0,,109,12.9,36,1023.9,
2023-10-09,17.4,13.9,19.7,0,,267,14.6,35.2,1019.8,
2023-10-10,17.2,14,22.1,0,,200,15.1,35.2,1017.2,
2023-10-11,18,16,19.9,0.3,,235,24.3,54,1011.8,
2023-10-12,15,13,17.4,18.2,,118,10.6,36,1012,
2023-10-13,18.2,16.5,20.9,11.5,,208,29.9,68,1003.4,
2023-10-14,12.1,8,14.3,5.3,,292,23.9,51.8,1010.4,
2023-10-15,8.8,7,11.3,10.3,,325,12.6,58,1020.6,
2023-10-16,9.4,6.5,12.8,0.6,,148,7.8,18,1022.7,
2023-10-17,9,6.3,12.4,0,,85,15.9,36,1019.4,
2023-10-18,9.3,6.6,12.6,2,,95,23.7,44.5,1005.7,
2023-10-19,14.4,9.6,18.1,11.8,,139,18,43,990.3,
2023-10-20,11.4,9,14.8,17.7,,98,25.4,54,980.9,
2023-10-21,13,11.9,15,9,,167,23.6,58,988.5,
2023-10-22,12.1,7.7,14.6,5.5,,221,20.7,50,1003.1,
2023-10-23,9.4,4.8,12.4,1.5,,114,11.4,37,1011,
2023-10-24,11.7,10.6,12.3,10.3,,184,21,40,1000.6,
2023-10-25,9.8,7.6,10.7,6.1,,109,14.9,29,996.8,
2023-10-26,9.2,6,11.3,0,,130,9.9,25,995.4,
2023-10-27,10.6,9.2,11.8,10.2,,132,11.1,25,991.8,
2023-10-28,11.1,8.8,13.6,1.4,,167,19.2,40,993.7,
2023-10-29,12.5,10.9,14.6,13.2,,195,31.2,65,990.5,
2023-10-30,10.8,9,13.2,7.9,,178,15.5,40,997.2,
2023-10-31,11,9.6,13.9,15.3,,223,13.7,32,1000.4,
2023-11-01,12.1,9.9,14.5,6.2,,177,24,50,997,
2023-11-02,10.6,8.4,12.2,11,,166,42.2,90,974.8,
2023-11-03,9.9,7.9,11.8,18.6,,206,33.3,66.7,980.2,
2023-11-04,9.3,8,10.2,4.7,,173,25.1,43,976.8,
2023-11-05,10.5,8.7,11.9,9.7,,212,24.6,65,976.5,
2023-11-06,10,9,11.6,2.1,,209,27.7,58,997.3,
2023-11-07,9.6,7.3,11.9,7.5,,209,24,43,1006.6,
2023-11-08,9.5,8.4,10.7,10.4,,198,26.7,54,1007.2,
2023-11-09,9.3,7.3,10.8,11.8,,204,20.1,43,998.3,
2023-11-10,7.3,5.1,8.5,12.7,,208,21.3,43,994.6,
2023-11-11,7.7,5.1,10.4,2.6,,262,14.3,50,1003,
2023-11-12,5.9,2.7,9.6,0.4,,168,9.6,25,1006.1,
2023-11-13,9.9,5,15.3,5.8,,182,28.9,79,1000,
2023-11-14,12.4,10.2,13.9,10.5,,253,31.3,76,1000.8,
2023-11-15,11.2,10.2,12.5,4.7,,268,27.3,54,1011.5,
2023-11-16,7.6,4.9,10.1,0.1,,31,9.2,43,1013.6,
2023-11-17,5.5,2.7,9.3,0,,178,7.2,18,1019.2,
2023-11-18,7.9,4.5,13.9,9.3,,167,21,54,1015.8,
2023-11-19,13.1,12,14.2,2.1,,240,35.6,61,1006,
2023-11-20,10.5,6.6,12.6,5.8,,239,19.5,54,1007.5,
2023-11-21,8.5,5.8,10.3,0,,14,12.3,40,1017.9,
2023-11-22,6.2,3.3,10.9,0.4,,197,14.7,36,1027.9,
2023-11-23,12.1,10.3,13.5,0.1,,265,31.8,76,1018.8,
2023-11-24,7,5.7,9.5,3.6,,320,32.6,79,1012,
2023-11-25,5.9,3.1,8.5,3.7,,323,18.3,54,1013.3,
2023-11-26,5.9,2.4,8.3,3.1,,255,9.2,30,1014,
2023-11-27,4.8,3.3,6.2,12,,110,20,47,998.8,
2023-11-28,3,1.5,4.6,9.2,,306,18.2,47,1005.1,
2023-11-29,2.9,0.4,5,5.5,,266,16.4,65,1001.7,
2023-11-30,1.2,-1.1,4.8,0,,95,5.7,14,1002.3,
2023-12-01,-0.7,-3.5,1.9,0,,92,9.6,22,1007.8,
2023-12-02,-0.8,-4.4,2.6,0.9,,198,8.4,22,1013.7,
2023-12-03,0.6,-0.9,1.7,3.3,,168,18.5,40.8,1017.4,
2023-12-04,1.9,0.8,3,2.2,,125,21.6,37,1005.5,
2023-12-05,1.9,1.7,2.1,0.1,,25,15.3,35.2,1003.7,
2023-12-06,2.6,-2.1,6.8,0.5,,306,6.9,25,1014.7,
2023-12-07,0.3,-2.1,2.6,0,,140,16.2,40,1016.1,
2023-12-08,5,2.2,8.5,1.5,,165,16.2,36,1006.6,
2023-12-09,7.9,5.5,11.5,8.9,,187,28.5,61,999.5,
2023-12-10,9.6,8,10.9,8.9,,239,37.8,86,999.1,
2023-12-11,9.4,7.3,10.9,1.4,,259,29.7,72,1000.1,
2023-12-12,8,4.5,10,5.2,,174,14.7,29,1001.8,
2023-12-13,8,5.5,8.9,3.4,,90,12,32,998.4,
2023-12-14,5.6,4.3,6.9,0,,304,13.2,32,1018.3,
2023-12-15,8.7,7,10,0.1,,247,15.5,27.8,1032.7,
2023-12-16,8.6,5.6,10.9,0,,230,21.3,43,1037.2,
2023-12-17,9.1,6.6,10.5,0,,223,25.7,50,1034.2,
2023-12-18,8.3,7.4,9.6,0,,213,25.4,46.3,1028.5,
2023-12-19,8.6,6.6,10.1,21.6,,246,22.7,47,1017.9,
2023-12-20,8.7,6.9,10.2,2.2,,268,33.3,61,1012.3,
2023-12-21,9.9,6,11.5,4.1,,272,43.7,94,999.2,
2023-12-22,9,6.6,10.8,5.4,,292,39.6,83,1003.3,
2023-12-23,10,7.6,11,2.9,,261,39,76,1007.1,
2023-12-24,11.5,9.8,12.6,8,,239,44.1,83,1002.5,
2023-12-25,11.4,9.7,11.9,8.8,,247,30.2,68,1005.1,
2023-12-26,8.2,2.6,11.4,5.8,,261,26.9,61,1012.3,
2023-12-27,6.7,1.8,10.2,2,,149,21.2,58,1012.9,
2023-12-28,10.7,9.7,11.3,0.2,,214,42,72,1006.9,
2023-12-29,9.7,6.5,11.1,12.5,,236,32.6,68,1005,
2023-12-30,8.3,7,9.5,0.2,,214,24.3,50,1008.9,
2023-12-31,8.7,7.8,9.5,4.6,,182,34.5,61,995.2,
2024-01-01,8,5.9,9.2,6.4,,224,31.2,61,1000,
2024-01-02,10.3,6.7,12.3,18.9,,197,36,97,987.7,
2024-01-03,9.7,8.2,11,9.6,,249,32.6,94,987.7,
2024-01-04,7.5,6.5,8.8,6,,273,11.1,29,1000.4,
2024-01-05,7.1,5.6,8.7,8.5,,89,16.1,37,996.4,
2024-01-06,3.8,1.5,5,0,,10,17.4,37,1011.2,
2024-01-07,0.7,-0.4,1.5,0,,52,23.6,50,1024.9,
2024-01-08,-0.7,-2,0.2,0,,63,28.7,54,1032.8,
2024-01-09,-2.2,-4.1,-0.4,0,,65,29,50,1034,
2024-01-10,-1.8,-3.7,0.2,0,,62,20.9,40,1031.1,
2024-01-11,-0.2,-5,5,0,,13,7.7,32,1034.4,
2024-01-12,4.1,2.2,5.9,0,,330,7.5,36,1033.1,
2024-01-13,4.6,3.2,6.1,1.3,,266,18.5,40,1022.5,
2024-01-14,4.5,2.4,6.4,3.6,,276,18.6,43,1009.2,
2024-01-15,2.4,0.9,4.2,2.6,,302,21.6,65,1003.2,
2024-01-16,1.1,-0.4,3.2,3,,234,17.8,43,1006.6,
2024-01-17,-0.7,-2,0.6,0,,188,11.9,33.3,993.6,
2024-01-18,-0.5,-3.7,3.6,0.1,,305,6.9,25,1001.5,
2024-01-19,1.7,-1.5,4.8,0.6,,245,17.1,43,1018.4,
2024-01-20,0.5,-0.8,2.2,0,,199,24,40,1025.8,
2024-01-21,3.3,-0.3,7.3,0.3,,188,32.1,68,1016.2,
2024-01-22,9.7,7.8,11.9,1.2,,230,46.1,86,1005.6,
2024-01-23,8.2,6.3,12.1,5.6,,231,35.8,86,1018.4,
2024-01-24,10.2,8.7,12.7,0,,249,44.4,97,1018.2,
2024-01-25,6.8,2.9,10,2,,215,16.1,43,1026.6,
2024-01-26,8.5,3.3,11.5,3.7,,253,30.7,68,1024.1,
2024-01-27,3.9,1,8.2,0,,205,15.5,29.6,1034.4,
2024-01-28,4,0.4,8.8,0,,151,15.5,29,1027.6,
2024-01-29,6,2.4,10.4,0,,170,14.1,26,1025,
2024-01-30,7.8,4.3,10.8,0.9,,221,20.1,61,1026.6,
2024-01-31,6.6,5,8.8,0,,229,21.2,58,1030.3,
2024-02-01,6.5,4.1,9.2,3.2,,274,20.3,61,1029.2,
2024-02-02,7.8,5.6,9.3,0,,236,27.3,54,1026.8,
2024-02-03,10.2,9.2,11.4,0,,250,30,58,1024.3,
2024-02-04,9.8,8.3,10.8,3,,254,29.9,65,1020.6,
2024-02-05,9.6,8.8,10.3,0,,240,39.5,76,1017.2,
2024-02-06,11,6.8,12.6,6.6,,238,47.8,86,1007.4,
2024-02-07,4.9,2.3,6.8,3.7,,17,8,38.9,1005.3,
2024-02-08,2.7,1,4.1,12.8,,77,12.2,47,997.7,
2024-02-09,10.3,4.9,12.2,8.6,,173,21.2,46,983.3,
2024-02-10,10.4,9.3,12,0.1,,133,12.8,25.9,985.9,
2024-02-11,9.1,8,10.1,4.6,,205,13.4,32,989.7,
2024-02-12,7,3.1,9.1,0.2,,242,16.7,36,1003.4,
2024-02-13,6.5,3,9.3,1.3,,199,21.3,40,1014.2,
2024-02-14,10.9,8,12.3,13.1,,225,29.7,54,1013.3,
2024-02-15,12.9,11.5,15.7,7.5,,178,18.3,40,1012.5,
2024-02-16,10.7,9.3,12.5,2.2,,223,16.2,40,1012.9,
2024-02-17,9.9,7.6,11.5,0.3,,236,11.6,29,1029.2,
2024-02-18,9.4,8.4,10.4,20.8,,218,26.1,58,1023.8,
2024-02-19,8.7,5.4,10.6,1.1,,269,19.2,47,1026,
2024-02-20,8.4,4.4,10.9,0,,237,22.9,58,1025.5,
2024-02-21,9.4,8.7,10.2,7.1,,205,29.6,54,1011.1,
2024-02-22,10,5.2,12.6,8.8,,204,27.9,79.6,986.2,
2024-02-23,6.2,4.9,8.4,4,,204,30.2,65,988.6,
2024-02-24,4.7,2.3,6.3,5.1,,181,16.5,40,996.7,
2024-02-25,6.3,4.2,9.4,1,,165,13.7,32,999.5,
2024-02-26,5.7,4.7,6.7,0,,42,28.2,57,1006.6,
2024-02-27,4.9,1.8,8.2,0,,9,11.4,33.3,1018.8,
2024-02-28,6.8,2,9.3,0,,191,16.7,35.2,1019.1,
2024-02-29,8.2,6.8,9,6.4,,173,22.7,40,1007.9,
2024-03-01,7.6,4.7,9.2,3.6,,174,24.3,54,999.8,
2024-03-02,8.8,5.1,11.5,0.3,,148,25.4,50,998.5,
2024-03-03,10.6,7.8,14.5,0.4,,148,14,32,1001.1,
2024-03-04,7.6,4.5,10.7,0,,306,12.5,36,1011.1,
2024-03-05,6.2,3.3,8.4,0.6,,71,5.9,32,1014.2,
2024-03-06,7.7,5.5,11.8,0,,108,8.1,25,1022.1,
2024-03-07,5.8,3.4,9.4,0,,73,19,43,1023.7,
2024-03-08,5.6,1.8,10.1,0,,90,23.9,47,1012.6,
2024-03-09,8.1,3.6,13,0,,98,20.4,40,1001.4,
2024-03-10,8.9,6.3,11.2,0,,72,19.7,40,997.2,
2024-03-11,7.3,6.8,8.5,5.6,,15,9.2,32,1002.1,
2024-03-12,8.4,7,11,1.4,,226,16.5,32,1011.9,
2024-03-13,11.1,8.9,12.6,0.6,,224,22.3,54,1013.2,
2024-03-14,12.4,8,16.6,0,,192,19.1,37,1010.3,
2024-03-15,12.6,10.7,14.6,0.9,,219,28.4,58,1006.1,
2024-03-16,7.9,3.6,11.3,1,,299,15.6,43,1018.3,
2024-03-17,9.3,4.7,13.2,3.3,,142,17.9,36,1019.2,
2024-03-18,10.8,6.9,13.6,0.3,,232,11.9,30,1015.6,
2024-03-19,11.5,7.7,15.7,0,,205,17.3,36,1017.5,
2024-03-20,11.2,7.7,15,0,,239,7.8,18.5,1019.1,
2024-03-21,9,7.3,10.7,0,,271,14.4,32,1023.4,
2024-03-22,9.7,7.6,11,0.8,,259,19.4,43,1016.2,
2024-03-23,6.8,4.4,8.5,3.8,,260,26.7,61,1008,
2024-03-24,6.9,5.2,8.3,11.3,,284,32.4,65,1003.9,
2024-03-25,7.2,1.9,11.7,0,,161,12.3,29,1004.7,
2024-03-26,8.3,4.6,10.8,0.1,,117,16.8,32,991.7,
2024-03-27,10.1,7.1,12.5,0,,172,17.9,40,985.6,
2024-03-28,8.8,6.5,11.9,1.3,,169,24.3,68,985,
2024-03-29,10.5,8,13.7,0.2,,181,22.5,46.3,991.9,
2024-03-30,8.9,5.5,11.5,4.1,,195,10.9,35,996.8,
2024-03-31,9.2,3.3,15.1,9.9,,71,14.6,35,997.1,
2024-04-01,10,6.7,13,0,,205,17.4,47,995.4,
2024-04-02,9.7,7.3,11.7,0.1,,217,22.4,50,1003.8,
2024-04-03,11,9.1,13.6,4.1,,194,22.4,65,1003.3,
2024-04-04,11.7,9,14.4,4.7,,220,29.7,72,1004,
2024-04-05,13.4,11,16.8,3,,205,28.4,72,1007.3,
2024-04-06,16.8,11.1,23.3,0,,171,21.8,50,1008.3,
2024-04-07,15.7,12.6,19.2,0.5,,225,25.8,57,1011.2,
2024-04-08,14.7,11,18.5,0,,144,11.7,26,1008.3,
2024-04-09,11.8,10,16.2,5.6,,211,33.3,74.1,1007.2,
2024-04-10,11.3,8.4,14.5,0.3,,251,21.2,58,1025.2,
2024-04-11,13.2,11.9,14.9,0.2,,222,23.7,47,1029.2,
2024-04-12,15.3,13,18.2,0,,226,26,57,1029,
2024-04-13,16.8,11.5,21.6,0,,228,26.1,58,1022.6,
2024-04-14,11.4,9.4,13.9,0,,278,18.5,47,1021.2,
2024-04-15,8.4,4.7,10.3,10.8,,233,27.8,90,1006,
2024-04-16,8.4,5.2,10.9,10.4,,311,31.2,68,1003.4,
2024-04-17,6,3.7,9.4,14.2,,323,10.5,40,1011.9,
2024-04-18,6.9,1.9,10.1,0,,309,14.9,37,1018.5,
2024-04-19,8.7,6.5,10.6,13.3,,299,32.6,68,1010.9,
2024-04-20,7.5,5.8,10,0.9,,335,25.3,61,1021.1,
2024-04-21,6.8,2.9,10.7,1.3,,18,19.9,50,1025.2,
2024-04-22,6.2,2,10,0.3,,9,14.2,38.9,1026,
2024-04-23,5.8,0.6,9.7,1.6,,325,11.9,43,1020.5,
2024-04-24,6.4,4.3,9.8,2.9,,324,22.5,54,1010.6,
2024-04-25,6.2,3.6,10.2,7.2,,234,15.8,43,1004.8,
2024-04-26,7.8,3.7,11.1,0.1,,260,13.4,32,1003.2,
2024-04-27,10.8,6.3,15.2,4,,95,11.9,30,1005,
2024-04-28,12.8,6.7,15.2,0.8,,178,29.7,68,1006.2,
2024-04-29,12.4,5.2,19.1,0,,168,15,43,1018.1,
2024-04-30,15.9,12.3,20.4,0,,136,11.1,27.8,1015.4,
2024-05-01,18.3,13.7,22.7,0,,5,12.9,29.6,1007.7,
2024-05-02,17.5,12.9,24.5,5.8,,42,17.3,32,1000.1,
2024-05-03,12.1,9,13.8,11.2,,226,23.8,50,1007.1,
2024-05-04,11.4,6.6,16.6,5.7,,144,10.8,50,1013.2,
2024-05-05,12.7,9,16,5.8,,307,11.9,30,1009,
2024-05-06,14.1,8.7,18.1,0,,71,12.5,29,1008.7,
2024-05-07,14.3,11.1,18.6,0,,17,15.8,33.3,1018.9,
2024-05-08,12.6,10.8,14.7,0,,346,11.8,25.9,1027.3,
2024-05-09,12.8,7.2,17.7,0,,315,6.1,29,1027.6,
2024-05-10,14.9,9.2,19.7,0,,30,8.5,24.1,1024.5,
2024-05-11,16.1,11,21.6,0,,56,14.9,29.6,1022.6,
2024-05-12,19.7,14.4,25.3,0.1,,94,18.8,40,1016.1,
2024-05-13,19.8,16.5,23.6,0,,147,13,36,1010,
2024-05-14,20.4,15.7,26.8,7.2,,128,19.3,47,1005,
2024-05-15,16.4,13.4,20.7,10.4,,318,8.9,32,1006.1,
2024-05-16,16.2,13.9,20.3,3.5,,295,11.8,32,1004.8,
2024-05-17,14.8,13.2,17.9,6.1,,317,15.6,32,1008.4,
2024-05-18,17.9,13.1,23.2,0,,286,9.5,29,1010.3,
2024-05-19,17.5,11.8,22.1,0.1,,355,15,43,1011.3,
2024-05-20,15.8,12.9,19.3,6.2,,352,12.3,29,1011.6,
2024-05-21,17.5,12.7,23.2,15.1,,49,12.8,58,1008.1,
2024-05-22,15.6,14,18.4,14.3,,232,21.8,47,1006.7,
2024-05-23,15.7,13.1,18.5,0.4,,225,20.8,40,1013.4,
2024-05-24,15,11.4,19.8,7.8,,104,10,29.6,1018.4,
2024-05-25,15.2,11.8,17.6,36.7,,147,11,32,1016.3,
2024-05-26,15.8,11.5,20.5,3.5,,153,15.3,54,1014.7,
2024-05-27,14.8,12.8,17.7,0.4,,234,18.2,36,1016,
2024-05-28,14.3,10.7,19,13.3,,199,18.7,47,1015.4,
2024-05-29,15.3,14.2,17.1,18.4,,243,24.4,47,1008.1,
2024-05-30,14.4,13,17,0.3,,251,15.5,33.3,1006.6,
2024-05-31,15.5,13,18.9,2,,332,16,43,1011.5,
2024-06-01,14.8,13.8,15.9,3.1,,350,22.4,43,1018.1,
2024-06-02,14.1,12.9,16.6,0.3,,343,18.8,40,1023.6,
2024-06-03,13.7,9.5,16.5,0,,292,9.4,24.1,1020.7,
2024-06-04,16.1,11.6,20.9,1.7,,211,16,47,1012.5,
2024-06-05,13.2,10.7,14.8,2.7,,268,19.7,43,1012,
2024-06-06,12.9,9.3,16,0,,238,13.6,33.3,1016.8,
